Product Title,Price,Rating,Reviews,Product URL,Product Description
AmazonBasics - Mini Backpack for Outdoor Use (12 l) (Black),₹267,3.7,567,https://www.amazon.in/AmazonBasics-Mini-Backpack-Outdoor-Black/dp/B0BRKFXT9Z/ref=sr_1_65?keywords=bag&qid=1690992722&sr=8-65,Description not available
"Storite Nylon 46 Cm Imported Multi Purpose Travel Duffle Bag for Women with Dry and Wet Separate Pocket, Lightweight Waterproof Backpack Carry Luggage Bag with Shoe Compartment (GreenPink, 46x23x25 cm)","₹1,399",4.2,356,https://www.amazon.in/Storite-Travel-Bag-Lightweight-GreenPink/dp/B0B3JBYZ8C/ref=sr_1_66?keywords=bag&qid=1690992722&sr=8-66,Description not available
Dyazo Light Weight Water Resistant Single Shoulder Crossbody Camera Bag/Case Compatible for Sony Canon Nikon SLR DSLR Mirrorless Cameras and Lenses (Black & Grey),₹499,4.3,453,https://www.amazon.in/Dyazo-Resistant-Crossbody-Compatible-Mirrorless/dp/B0C94C8CCQ/ref=sr_1_67?keywords=bag&qid=1690992722&sr=8-67,Description not available
"Tabelito® NEO 3O L Water Resistant Laptop/College/Office/School/Travel/Business Bag, Unisex Backpack for Men Women Fits Up to 15.6 Inch Laptop Notebook.",₹399,4.0,137,https://www.amazon.in/Tabelito-NEO-Backpack-Business-Compartment/dp/B0C2D2XC4H/ref=sr_1_68?keywords=bag&qid=1690992722&sr=8-68,Description not available
DZert Clasy Laptop Bag College Bag for Boys Girls 21 L Blue White,₹339,3.8,"2,517",https://www.amazon.in/DZert-School-Polyester-Backpack-White/dp/B07GXYHFCY/ref=sr_1_69?keywords=bag&qid=1690992722&sr=8-69,Description not available
Skybags Unisex Gucci Fabric Backpacks,₹519,4.2,286,https://www.amazon.in/Skybags-Unisex-Yellow-Fabric-Backpacks/dp/B0B21XM4KX/ref=sr_1_70?keywords=bag&qid=1690992722&sr=8-70,Description not available
Bennett™ Mystic Formal Business Briefcase Bag Crossbody Messenger College Bags For Men Women MacBook INoteBook ITablet Laptop Upto 15.6 Inch | Handbags with Shoulder Straps (Blue) 6 Months Warranty,₹512,4.0,"6,295",https://www.amazon.in/Bennett-Mystic-Shoulder-Messenger-Repellent/dp/B08X2T2M8G/ref=sr_1_71?keywords=bag&qid=1690992722&sr=8-71,Description not available
"SHALIMAR large capacity Travel bag / Storage bag / Move-in bags/ Duffel Bag - Strong, Durable , Foldable and Water Resistant ( Pack of 1 ) ( Blue )",₹284,4.1,476,https://www.amazon.in/Shalimar-Capacity-Travel-Storage-Duffel/dp/B09TPHFMX7/ref=sr_1_72?keywords=bag&qid=1690992722&sr=8-72,Description not available
"Fur Jaden 15.6 Inch Laptop Backpack 25 LTR Bag for School, College and Office with USB Charging Port",₹479,3.9,"10,323",https://www.amazon.in/Fur-Jaden-Charging-Waterproof-BM36_BlueZip/dp/B07MXM5M99/ref=sr_1_73?keywords=bag&qid=1690992722&sr=8-73,Description not available
Gear Vintage2 Anti Theft Faux Leather 18 cms Tan Laptop Backpack,₹987,4.3,"1,666",https://www.amazon.in/Gear-Vintage2-Leather-Backpack-LBPVG2LTH1901/dp/B07G4F3758/ref=sr_1_74?keywords=bag&qid=1690992722&sr=8-74,Description not available
BEAUTY GIRLS BY HOTSHOT 1522|School Bag|Tuition Bag|College Backpack|ForGirls&Women|Waterproof Bag,"₹1,049",4.1,"1,484",https://www.amazon.in/Girls-1522-Polyester-Designer-Waterproof-Bag-Backpack/dp/B08F9SFYXQ/ref=sr_1_75?keywords=bag&qid=1690992722&sr=8-75,Description not available
"Safari Omega 30L Laptop Backpack with Raincover, school bag for boys and girls, college bag, office bag, travel bag for men and women, Teal",₹899,4.3,7,https://www.amazon.in/Safari-Laptop-Backpack-Raincover-college/dp/B097JH4V5G/ref=sr_1_76?keywords=bag&qid=1690992722&sr=8-76,Description not available
Northzone Lightweight school bags Backpacks for Boys Girls Stylish men and women Casual Travel Laptop Bag College office (Black) 40L,₹549,4.0,143,https://www.amazon.in/NORTH-ZONE-Lightweight-Backpacks-Stylish/dp/B0BL3TVDK6/ref=sr_1_77?keywords=bag&qid=1690992722&sr=8-77,Description not available
Half Moon Valex Unisex School Bag/ 15.6 inch Laptop Backpack/College Bagpack/Office Back Packed | Laptop Bag for Men & Women | School Bags for Boys & Girls with Small Pockets & Laptop Compartment,₹649,3.6,78,https://www.amazon.in/Half-Moon-Laptop-Bag-Compartment/dp/B0C1NZLF67/ref=sr_1_78?keywords=bag&qid=1690992722&sr=8-78,"Trendy Design: The Laptop bag for men features a unique, trendy design that makes it stand out from other laptop backpacks. It's perfect for individuals who want to express their style while carrying their laptop.    Secure Laptop Compartment: The 17-inch padded compartment in laptop backpack for men / Laptop bag for men provides secure storage for your device. The padding ensures that your laptop is protected from scratches and bumps while you're on the move.    Front Pockets: The small pockets in College Bags for men / College bag for women in Second Compartment provide easy access to smaller items like your phone, wallet, and keys. These pockets are convenient and ensure that you don't have to dig through the main compartment to find what you need.    Strong Built: The Laptop bag for men is built with strong zippers and stitching that can withstand daily wear and tear. This ensures that your belongings are kept safe and secure in college bag for girls and the backpack for men can hold up to daily use.    Comfortable to Wear: The Laptop bag for men / backpack for men is designed for maximum comfort. The padded shoulder straps and back panel provide added comfort, reducing strain on your back and shoulders while carrying the laptop backpack. This makes it easy to wear the backpack for extended periods of time, whether you're commuting to work or school or going on a trip."
URBAN CARRIER School Bag For girls school bags for boys Class 5-10 Large 4 partition 45 L Laptop Collage Office Travel Unisex Backpack,₹431,3.5,"1,018",https://www.amazon.in/School-school-partition-Collage-Backpack/dp/B09NNYCQ1Q/ref=sr_1_79?keywords=bag&qid=1690992722&sr=8-79,Description not available
"TRUE HUMAN® Emperor Anti-Theft Pocket backpack With USB charging Port Laptop,office,college,travel bag for men and women(Epower)",₹680,3.6,221,https://www.amazon.in/TRUE-Emperor-Anti-Theft-backpack-charging/dp/B0BYB631NR/ref=sr_1_80?keywords=bag&qid=1690992722&sr=8-80,Description not available
"Frantic Kids Soft Animal Cartoon Travelling School Bag Soft Plush Backpacks Boys Girls Baby for 2 to 5 Years Baby/Boys/Girls Nursery, Preschool, Picnic(FullBodyPink Rabbit)",₹309,3.5,589,https://www.amazon.in/Frantic-ltrs-backpack-FullBodyPink-Rabbit2022_carton_white/dp/B0B7WJVYXQ/ref=sr_1_177?keywords=bag&qid=1690992746&sr=8-177,Description not available
"AirCase Office Sling Messenger Bag fits Upto 15.6"" Laptop/MacBook, Detachable Shoulder Strap, Waterproof, Shockproof, Spacious Pockets for Office/Travel","₹1,299",3.6,736,https://www.amazon.in/AirCase-C30-Messenger-Compartments-Multi-Pockets/dp/B07V47HHRG/ref=sr_1_178?keywords=bag&qid=1690992746&sr=8-178,Description not available
ADISA women girls embroided sling bag,₹470,4.2,"1,530",https://www.amazon.in/ADISA-women-girls-white-embroided/dp/B08RWSN66R/ref=sr_1_179?keywords=bag&qid=1690992746&sr=8-179,Description not available
"POLESTAR Ranker 15.6 inch 32 LTR Casual Laptop Backpack/Office Bag/School Bag/College Bag/Business Bag/Unisex Backpack, Water Resistant and Light Weight, 1 year Warranty",₹669,4.1,"7,572",https://www.amazon.in/POLESTAR-Ranker-Casual-Bagpack-Backpack/dp/B08421BRQ2/ref=sr_1_180?keywords=bag&qid=1690992746&sr=8-180,Description not available
Skybags Unisex Black Jacqard 34L Laptop Bags,₹979,4.0,46,https://www.amazon.in/Skybags-Unisex-Black-Jacqard-Laptop/dp/B09ZV81F6M/ref=sr_1_181?keywords=bag&qid=1690992746&sr=8-181,"Care Instructions: Hand Wash Only    Ideal for a working professional travelling to work by bus, train, ola/uber/cab etc. Laptop compatibility & professional looking backpack"
F Gear Circadian Guc Black 27 Ltrs Casual Backpack (3330),₹799,4.2,731,https://www.amazon.in/F-Gear-Circadian-Guc-Black-Casual-Backpack/dp/B084THQXCD/ref=sr_1_182?keywords=bag&qid=1690992746&sr=8-182,Description not available
"Storite PU Leather 14 inch Laptop Messenger Organizer Bag/Shoulder Sling Office Bag for Men, Notebook, Tablet Carrying Handbags For Women - Light Brown","₹1,059",4.0,"1,629",https://www.amazon.in/Storite-Leather-Laptop-Bag-inch/dp/B081GQJLD2/ref=sr_1_183?keywords=bag&qid=1690992746&sr=8-183,Description not available
"Tabelito® NEO 3O L Water Resistant Laptop/College/Office/School/Travel/Business Bag, Unisex Backpack for Men Women Fits Up to 15.6 Inch Laptop Notebook.",₹399,4.0,137,https://www.amazon.in/Tabelito-NEO-Backpack-Business-Compartment/dp/B0C2D2Q52R/ref=sr_1_184?keywords=bag&qid=1690992746&sr=8-184,Description not available
KDR Duffel Bag for Travel | Packing Bags for Travelling | Large Capacity Folding Lightweight | Waterproof Carry Luggage Bag (Mint Green),₹149,2.6,14,https://www.amazon.in/Duffel-Bag-Travelling-Lightweight-Waterproof/dp/B0BZT17QBL/ref=sr_1_185?keywords=bag&qid=1690992746&sr=8-185,Description not available
ZOUK Black Printed Handmade Vegan Leather Women's Office Bag for 15.6 inch Laptop with double handles - Lattice Lace,"₹1,751",4.3,344,https://www.amazon.in/Womens-Lattice-Office-leather-adjustable/dp/B07VNMWWRX/ref=sr_1_186?keywords=bag&qid=1690992746&sr=8-186,Description not available
"HP Lightweight 200 15.6-inch Laptop Backpack with Padded Shoulder Straps, Green","₹1,749",4.3,277,https://www.amazon.in/HP-Lightweight-200-Green-Backpack/dp/B08CY1XYFL/ref=sr_1_187?keywords=bag&qid=1690992746&sr=8-187,Description not available
Gear Climber 35L Water Resistant Office Laptop Bag/Backpack for Men/Women(Black),"₹1,099",4.0,353,https://www.amazon.in/Gear-Black-Laptop-Backpack-BUSCLIMBR0109/dp/B015C73FCA/ref=sr_1_188?keywords=bag&qid=1690992746&sr=8-188,Description not available
"SPENZ BAGS Travel Laptop Backpack for Women & Men|Carry On Bag, College & School Students Bookbag With Raincover",₹999,4.2,137,https://www.amazon.in/SPENZ-BAGS-Backpack-Raincover-Jet-Black/dp/B0C3RLGGVZ/ref=sr_1_189?keywords=bag&qid=1690992746&sr=8-189,Description not available
ADISA Light Weight Laptop Backpack 32 Ltrs,₹499,4.0,"6,047",https://www.amazon.in/ADISA-BP005-Weight-Casual-Backpack/dp/B07F3X45WZ/ref=sr_1_190?keywords=bag&qid=1690992746&sr=8-190,Description not available
MY FAV Digital Printed School Backpack for Boys & Girls/Heavy Duty Laptop Bag for Men Women,₹994,4.2,73,https://www.amazon.in/Happy-Laptop-Backpack-Women-School/dp/B091FZKFF2/ref=sr_1_191?keywords=bag&qid=1690992746&sr=8-191,Description not available
NIVIA Beast Gym Bag-4 Polyester/Unisex Gym Bags/Shoulder Bag for Men & Women with Separate Shoes Compartment/Carry Gym Accessories/Fitness Bag/Sports & Travel Bag/Sports Kit,₹759,4.2,"3,466",https://www.amazon.in/Nivia-5183-Polyester-Duffle-Medium/dp/B071KNXQ7Y/ref=sr_1_192?keywords=bag&qid=1690992746&sr=8-192,Description not available
Amazon Brand - Eden & Ivy Women's Sling Bag,₹659,4.1,671,https://www.amazon.in/Amazon-Brand-Womens-Sling-Mustard/dp/B07XBZR7SR/ref=sr_1_209?keywords=bag&qid=1690992760&sr=8-209,Description not available
Lavie Women's Cetan Stiff Sling Bag | Ladies Purse Handbag | Crossbody Sling Strap,₹734,4.0,"3,217",https://www.amazon.in/Lavie-Cetan-Womens-Sling-Bag/dp/B07G84R2VW/ref=sr_1_210?keywords=bag&qid=1690992760&sr=8-210,Description not available
"Safari Snap 35 Ltrs Large Laptop Backpack With 3 Compartments, Water Resistant Fabric - Blue (SNAP19CBBLU)","₹1,099",3.8,584,https://www.amazon.in/Safari-Laptop-Backpack-Compartments-Resistant/dp/B09B27GN41/ref=sr_1_211?keywords=bag&qid=1690992760&sr=8-211,Description not available
Hyper Adam 80L Travel Backpack for Outdoor Sport Camp Hiking Trekking Bag Camping Rucksack,"₹1,614",4.1,345,https://www.amazon.in/Hyper-Adam-Backpack-Trekking-Rucksack/dp/B09S14YRMQ/ref=sr_1_212?keywords=bag&qid=1690992760&sr=8-212,Description not available
Lavie Women's Ushawu Satchel Bag | Ladies Purse Handbag,"₹1,176",4.1,"6,899",https://www.amazon.in/gp/bestsellers/shoes/1983354031/ref=sr_bs_4_1983354031_1,Description not available
"UltraTag Rain and Dust Cover for Backpack (Black, 30 litres)",₹194,3.3,23,https://www.amazon.in/UltraTag-Cover-Backpack-Black-litres/dp/B08DVRPRL9/ref=sr_1_214?keywords=bag&qid=1690992760&sr=8-214,Description not available
Dyazo 30 L Slim Business Laptop Backpack Casual Design Water Resistant Backpack for laptops for 15.6 inch laptop (Black),₹654,4.4,54,https://www.amazon.in/Dyazo-Business-Backpack-Resistant-laptops/dp/B0BRKBKKLY/ref=sr_1_215?keywords=bag&qid=1690992760&sr=8-215,Description not available
"POLESTAR Enzo 15.6 inch 35 LTR Casual Laptop Backpack/Office Bag/School Bag/College Bag/Business Bag/Unisex Backpack, Water Resistant and Light Weight, 1 year Warranty",₹619,4.1,"3,908",https://www.amazon.in/Polestar-Liters-Polyester-Casual-Backpack/dp/B09243WY6M/ref=sr_1_216?keywords=bag&qid=1690992760&sr=8-216,Description not available
Red Lemon BANGE Merchandiser Laptop Backpack for men Water Resistant Anti-Theft Unisex Travel Laptop Backpack with USB Charging laptop bag,"₹4,599",4.8,6,https://www.amazon.in/Red-Lemon-Merchandiser-Resistant-Anti-Theft/dp/B0BB6TPD3D/ref=sr_1_217?keywords=bag&qid=1690992760&sr=8-217,Description not available
Lavie Women's Sara Box Sling Bag | Ladies Purse Handbag,₹799,4.0,"1,892",https://www.amazon.in/Lavie-Sara-Womens-Sling-Navy/dp/B077QC7LFP/ref=sr_1_218?keywords=bag&qid=1690992760&sr=8-218,Description not available
Impulse ImpExplore 45L Laptop Backpack/Office Bag/School Bag/College Bag/Business Bag/Travel Backpack Water Resistant Fits Up to 16 Inch Laptop with Rain Cover & 1 Year Warranty,₹660,4.0,1,https://www.amazon.in/Impulse-ImpExplore-Backpack-Business-Resistant/dp/B0C1CS244V/ref=sr_1_219?keywords=bag&qid=1690992760&sr=8-219,Description not available
"URBAN CARRIER Unisex Waterproof Medium Laptop Backpack for School and Colleges (Grey, Large, 45 Liters)",₹579,4.0,448,https://www.amazon.in/Backpack-Colleges-Luggage-Waterproof-Stylish/dp/B09GYGCK54/ref=sr_1_220?keywords=bag&qid=1690992760&sr=8-220,Description not available
"Genie Flamenco Laptop Backpack for Women, 16 inches Office Bag, Sky Blue Stylish and Trendy Bag for Office and College",₹799,4.4,"1,138",https://www.amazon.in/Genie-Flamenco2-Backpack-Compatible-Resistant/dp/B08YF1XJXY/ref=sr_1_221?keywords=bag&qid=1690992760&sr=8-221,Description not available
HP Wings Backpack for 15.6'' Inch (39.6 cm) Laptop/Chromebook/Mac (Black) 1D0M4PA,₹770,3.8,118,https://www.amazon.in/HP-Backpack-Laptop-Chromebook-1D0M4PA/dp/B08HC5S2HD/ref=sr_1_222?keywords=bag&qid=1690992760&sr=8-222,Description not available
DAHSHA Stylish Nylon Sling Cross Body Travel Bag for Business Office Messenger One Side Shoulder Carry Handbag Bag For Men & Women (35X18x25 CM-grey),₹695,3.9,427,https://www.amazon.in/DAHSHA-Multipurpose-Travel-Duffel-13X7x11-inch/dp/B07GCLJTZF/ref=sr_1_223?keywords=bag&qid=1690992760&sr=8-223,Description not available
Tinytot School Bag School Backpack College Backpack Travel Backpack Office Backpack Multipurpose Backpack Picnic Bag for Boys & Girls,₹645,4.3,487,https://www.amazon.in/Tinytot-School-Backpack-College-Multipurpose/dp/B09C5JVWCW/ref=sr_1_224?keywords=bag&qid=1690992760&sr=8-224,Description not available
